﻿{"cameraMode":{"drawMode":0,"name":"Shaded","section":"Shading Mode"},"sceneLighting":true,"audioPlay":false,"sceneViewState":{"showFog":true,"showMaterialUpdate":false,"showSkybox":true,"showFlares":true,"showImageEffects":true,"showParticleSystems":true},"in2DMode":false,"pivot":{"x":12.672361373901368,"y":-1.00335693359375,"z":11.66541576385498},"rotation":{"x":-0.20175914466381074,"y":0.7542043924331665,"z":-0.2700271010398865,"w":-0.563531756401062},"size":40.010372161865237,"orthographic":false}